Page layout example: https://postimg.cc/rzSgqgr4 ,Scraper name,Meta title,Meta description,HERO,HERO,HERO,HERO,HERO,BELOW THE FOLD,BELOW THE FOLD,BELOW THE FOLD,BELOW THE FOLD,BELOW THE FOLD,BELOW THE FOLD,BELOW THE FOLD,BELOW THE FOLD,PRICING,PRICING,PRICING,PRICING,PRICING,PRICING,PRICING,HOW SCRAPING BEE WORKS,HOW SCRAPING BEE WORKS,HOW SCRAPING BEE WORKS,HOW SCRAPING BEE WORKS,HOW SCRAPING BEE WORKS,HOW SCRAPING BEE WORKS,HOW SCRAPING BEE WORKS,HOW SCRAPING BEE WORKS,HOW SCRAPING BEE WORKS,HOW SCRAPING BEE WORKS,FEATURES SECTION,FEATURES SECTION,FEATURES SECTION,FEATURES SECTION,FEATURES SECTION,FEATURES SECTION,FEATURES SECTION,FEATURES SECTION,FEATURES SECTION,FEATURES SECTION,FEATURES SECTION,FEATURES SECTION,FEATURES SECTION,FEATURES SECTION,FEATURES SECTION,FEATURES SECTION,FEATURES SECTION,FEATURES SECTION,FEATURES SECTION,FEATURES SECTION,TESTIMONIALS,CLIENT LOGO,CLIENT LOGO,CLIENT LOGO,DATA COVERAGE,DATA COVERAGE,DATA COVERAGE,DATA COVERAGE,DATA COVERAGE,DATA COVERAGE,DATA COVERAGE,DATA COVERAGE,INTERNAL STATS,INTERNAL STATS,INTERNAL STATS,INTERNAL STATS,LINKS TO TUTORIALS,LINKS TO TUTORIALS,LINKS TO TUTORIALS,LINKS TO TUTORIALS,LINKS TO TUTORIALS,LINKS TO TUTORIALS,LINKS TO TUTORIALS,DEVELOPER EXPERIENCE,DEVELOPER EXPERIENCE,DEVELOPER EXPERIENCE,DEVELOPER EXPERIENCE,DEVELOPER EXPERIENCE,DEVELOPER EXPERIENCE,DEVELOPER EXPERIENCE,DEVELOPER EXPERIENCE,DEVELOPER EXPERIENCE,DEVELOPER EXPERIENCE,LINKS TO DOC,LINKS TO DOC,LINKS TO DOC,LINKS TO DOC,LINKS TO DOC,LINKS TO DOC,LINKS TO DOC,LINKS TO DOC,LINKS TO SCRAPER TOOLS,LINKS TO SCRAPER TOOLS,LINKS TO SCRAPER TOOLS,LINKS TO SCRAPER TOOLS,LINKS TO SCRAPER TOOLS,LINKS TO SCRAPER TOOLS,LINKS TO SCRAPER TOOLS,FAQs,FAQs,FAQs,FAQs>question,FAQs>answer,FAQs,FAQs,FAQs,FAQs,FAQs,FAQs,FAQs,FAQs,LINKS TO BLOGS,LINKS TO BLOGS,LINKS TO BLOGS,LINKS TO BLOGS,LINKS TO BLOGS,LINKS TO BLOGS,LINKS TO BLOGS
HTML tag,-,<title>,"<meta name=""description"" content=""text_goes-here"">",<h1></h1>,<p></p>,<p></p>,<p></p>,<p></p>,<h2></h2>,<p></p>,<h3></h3>,<p></p>,<h3></h3>,<p></p>,<h3></h3>,<p></p>,<h2></h2>,<p></p>,TABLE,<p></p>,CTA BUTTON,<p></p>,<p></p>,<h2></h2>,<p></p>,<h3></h3>,<p></p>,<h3></h3>,<p></p>,<h3></h3>,<p></p>,<h3></h3>,<p></p>,<h2></h2>,<p></p>,<h3></h3>,<p></p>,<a href></a>,<h3></h3>,<p></p>,<a href></a>,<h3></h3>,<p></p>,<a href></a>,<h3></h3>,<p></p>,<a href></a>,<h3></h3>,<p></p>,<a href></a>,<h3></h3>,<p></p>,<a href></a>,TESTIMONIALS,<h2></h2>,<p></p>,CLIENT LOGO,<h2></h2>,<p></p>,<h3></h3>,<p></p>,<a href></a>,<h3></h3>,<p></p>,<a href></a>,<h2></h2>,<p></p>,<p></p>,<p></p>,<h2></h2>,<h3></h3>,<p></p>,<h3></h3>,<p></p>,<h3></h3>,<p></p>,<h2></h2>,<p></p>,<h3></h3>,<p></p>,<h3></h3>,<p></p>,<h3></h3>,<p></p>,<h3></h3>,<p></p>,<h2></h2>,<p></p>,<a href></a>,<a href></a>,<a href></a>,<a href></a>,<a href></a>,<a href></a>,<h2></h2>,<a href></a>,<a href></a>,<a href></a>,<a href></a>,<a href></a>,<a href></a>,<h2></h2>,<h3></h3>,<p></p>,<h3></h3>,<p></p>,<h3></h3>,<p></p>,<h3></h3>,<p></p>,<h3></h3>,<p></p>,<h3></h3>,<p></p>,<h2></h2>,<h3></h3>,<p></p>,<h3></h3>,<p></p>,<h3></h3>,<p></p>
Variable placeholder,,{title_tag_goes_here},{meta_description_goes_here},{hero_section_heading},{hero_section_intro},{benefit_variable_1},{benefit_variable_2},{benefit_variable_3},{platform_use_case_heading},{platform_use_case_intro},{platform_use_case_description_heading_1},{platform_use_case_description_1},{platform_use_case_description_heading_2},{platform_use_case_description_2},{platform_use_case_description_heading_3},{platform_use_case_description_3},Transparent {platform_name} scraper API pricing,"Cancel anytime, no questions asked!",PRICING TABLE,Need more credits and concurrency per month?,Get in touch!,Not sure what plan you need? Try ScrapingBee with 1000 free API calls.,(No credit card required),How ScrapingBee works,Wondering how our customers use our {platform_name} API?,STEP 1,"Create an account at ScrapingBee - your dashboard will provide an API key and 1,000 free credits to test the service",STEP 2,Quickly add our official Python library to your project. This makes it easy to send scraping requests without worrying about proxies or browsers.,STEP 3,"Use your API key to fetch any web page. We do all the heavy lifting in the background, returning clean, ready-to-use HTML for you to parse and analyze.",STEP 4,Use our advanced features to tackle even the most complex sites. Our flexible options give you complete control over your scraping projects.,{scrapingbee_features_heading},{scrapingbee_features_intro},{ai_powered_web_scraping_description_heading},{ai_powered_web_scraping_description},AI Web Scraping ->,{screenshot_description_heading},{screenshot_description},Screenshot API ->,{google_search_results_description_heading},{google_search_results_description},Explore Google Search API ->,{JavaScript_scraper_description_heading},{JavaScript_scraper_description},JavaScript Scraping API ->,{data_scraper_description_heading},{data_scraper_description},Data Scraping Tool ->,{no_code_scraping_integration_description_heading},{no_code_scraping_integration_description},No Code Scraper ->,{insert_client_reviews},You're in great company,"2,500+ customers all around the globe use ScrapingBee to solve their web scraping needs.",{insert_client_logos},{platform_specific_USP_list_heading},{platform_specific_USP_list_intro_sentences},{platform_specific_USP_1_heading},{platform_specific_USP_1_description},Documentation,{platform_specific_USP_2_heading},{platform_specific_USP_2_description},Web Scraping API,ScrapingBee in numbers,{insert_number} rows extracted,{insert_number} tasks automated,{insert_number} hours saved,{platform_name} scraping tutorials,{tutorial_1_heading},{tutorial_1_description},{tutorial_2_heading},{tutorial_2_description},{tutorial_3_heading},{tutorial_3_description},Top-rated support & documentation,Our team is here to help you scrape {platform_name}. We're also constantly developing new features to make your scraping journey easier.,Fantastic documentation,Take a look at our documentation and get started in minutes!,Code samples,"Whatever the programming language you enjoy, we have written code examples in Java, Python, Go, PHP, Curl and JavaScript.",Knowledge base,Our extensive knowledge base covers the most frequest use cases with code smples.,Exceptional support,"We will quickly answer all your {platform_name} scraping questions via our live chat or emails, even the hard ones!",{get_started_quickly_heading},Check out our documentation to find out more about how to ustilise our API for your scraping needs.,AI data extraction,JS rendering,Stealth proxy,Screenshots,Custom cookies,Download images,{beyond_platform_name_scraper_heading},Amazon API,Google Shopping API,Google Jobs API,Walmart API,Costco API,Google News API,{platform_name_api_FAQs_heading},{platform_specific_FAQ_1},{platform_specific_FAQ_1},{platform_specific_FAQ_2},{platform_specific_FAQ_2_answer},{platform_specific_FAQ_3},{platform_specific_FAQ_3_answer},{platform_specific_FAQ_4},{platform_specific_FAQ_4_answer},{platform_specific_FAQ_5},{platform_specific_FAQ_5_answer},{platform_specific_FAQ_6},{platform_specific_FAQ_6_answer},Related articles,{insert_related_article_heading_1},{insert_related_article_description_1},{insert_related_article_heading_2},{insert_related_article_description_2},{insert_related_article_heading_3},{insert_related_article_description_3}
Example 1,ScrapingBee,Google Shopping Scraper API | ScrapingBee,"Scrape Amazon product data worldwide with our powerful web scraping API. Get prices, reviews, and rankings from any Amazon domain - all with a single API call.",Google Shopping Scraper API,"Scrape Google Shopping results, allowing you to transform it into a competitive advantage. Real-time pricing data, product tracking, global market coverage — all with a single API call.",Scrape Amazon product data in detail from all regional domains. Simultaneously.,Extract everything from prices to reviews to delivery details. Receive clean JSON.,Try our Amazon Scraper to quickly start scraping Amazon Data.,Amazon Data Scraper Without Limits. Built for Market Leaders,Our Amazon Scraper API delivers the product data you need to make critical business decisions.,Monitor Price Movements,Track Amazon product prices across regions and categories in real-time. Respond instantly to market shifts. Stay ahead of your competitors.,Track Search Rankings,Monitor your product's position in Amazon search results. Understand what drives visibility. Optimize your listings for maximum exposure.,Analyze Customer Sentiment,Use our Amazon review scraper to capture ratings and testimonials at scale. Identify trends in customer feedback. Turn insights into product improvements.,Transparent {platform_name} scraper API pricing,"Cancel anytime, no questions asked!",PRICING TABLE,,,,,,,,,,,,,,,Amazon Scraper API - Built for Speed. Designed for Web Scraping Simplicity,"From anti-bot bypassing to pixel-perfect screenshots, our Amazon web scraping API handles the complex parts. Our customers focus on what matters - growing their businesses.",AI Powered Web Scraping,"Jettison the Xpath and CSS selectors with our AI-powered Web Scraping feature, which enables you to extract data with a prompt. Adapts to page layout changes with zero effort.",AI Web Scraping ->,Screenshots for Visual Intelligence,Need a screenshot of that website and not HTML? Generate screenshots for visual analysis. Full-page captures. Partial views. Perfect for monitoring design changes.,Screenshot API ->,Search Engine Results,Extract Amazon data from Google Search at scale with our specialized Google Search API. No rate limits. No complexity. Just pure search intelligence.,Explore Google Search API ->,"Interact Like a Human
","Click, scroll, wait for dynamic content to appear, or just run some custom JavaScript code. Our JavaScript scenarios simulate real user behavior. Seamlessly.",JavaScript Scraping API ->,Seamless Data Access,"Scrape Amazon to extract data without interruptions. Bypass rate limits and anti-bot measures with advanced anti-bot measures, stealth/premium proxies and cutting-edge headless browser technology. Never miss a data point again.",Data Scraping Tool ->,Get Exactly What You Need,"Skip the messy HTML. With our easy-to-use extraction rules, get perfectly structured JSON with just the data you care about. No coding skills needed - Make integration. Use ScrapingBee with your favorite no code tool.

Connect ScrapingBee with all your workflows.
 Job scheduling  CSV / Google Sheet / Emails / Webhook data delivery  Drag and drop to connect with you favorite apps  1000+ integrations",No Code Scraper ->,{insert_client_reviews},You're in great company,"2,500+ customers all around the globe use ScrapingBee to solve their web scraping needs.",{insert_client_logos},"Every Product, Every Amazon Marketplace",Extract data from any Amazon marketplace effortlessly. From simple product lookups to enterprise-scale data operations.,Global Coverage. Local Precision,Access 20+ Amazon regional domains from a single API. Set location parameters for accurate local pricing. Expand your data collection across borders without the complexity.,Documentation,Data at Scale. Automated,"Monitor price fluctuations at scale with a powerful Amazon price scraper. Compare costs across different sellers, detect flash sales, and monitor regional price differences. Stay ahead of market fluctuations without manual monitoring.",Web Scraping API,ScrapingBee in numbers,n/a,n/a,n/a,n/a,n/a,n/a,n/a,n/a,n/a,n/a,Top-rated support & documentation,,Fantastic documentation,Take a look at our documentation and get started in minutes!,Code samples,"Whatever the programming language you enjoy, we have written code examples in Java, Python, Go, PHP, Curl and JavaScript.",Knowledge base,Our extensive knowledge base covers the most frequest use cases with code smples.,Exceptional support,,,Check out our documentation to find out more about how to ustilise our API for your scraping needs.,,,,,,,,,,,,,,,,,,,,,,,,,,,Related articles,,,,,,
Example 2,ScrapingBee,Google Shopping Scraper API | ScrapingBee,"Scrape Google Shopping results, allowing you to transform it into a competitive advantage. Real-time pricing data, product tracking, global market coverage — all with a single API call.",Google Shopping Scraper API,"Scrape Google Shopping results, allowing you to transform it into a competitive advantage. Real-time pricing data, product tracking, global market coverage — all with a single API call.",Enables you to monitor any product across every market. In real-time.,From prices to reviews to seller ratings - every data point you need.,"Try our Google Shopping Scraper to quickly start scraping Google Shopping Data. Receive clean, structured JSON.",Our Google Shopping Results API. Built for Businesses That Win,Competitive intelligence shouldn't be complicated. Our Google Shopping scraper API helps you scrape the data you need.,Never Lose on Price,"Use Google Shopping price scrape insights to track competitor price changes, refine your strategy, and win more customers.",Dominate Search Results,Track your product rankings in Google Shopping search results in real-time. Analyze and understand what moves the needle. Optimize continuously.,Turn Reviews into Revenue,Monitor customer sentiment across the market. Identify opportunities. Outperform the competition.,Transparent {platform_name} scraper API pricing,"Cancel anytime, no questions asked!",PRICING TABLE,,,,,,,,,,,,,,,Our Google Shopping Results Scraper is Built for Speed. Designed for Quick Data Retrieval,"From anti-bot bypassing to pixel-perfect screenshots, our web scraping API handles the complex parts. Our customers focus on what matters - growing their businesses.",AI Powered Web Scraping,"Jettison the Xpath and CSS selectors with our AI-powered Web Scraping feature, which enables you to extract data with a prompt. Adapts to page layout changes with zero effort.",AI Web Scraping ->,Screenshots for Visual Intelligence,Need a screenshot of that website and not HTML? Generate screenshots for visual analysis. Full-page captures. Partial views. Perfect for monitoring design changes.,Screenshot API ->,Search Engine Results,Extract Google Shopping data from Google Search at scale with our specialized Google Search API. No rate limits. No complexity. Just pure search intelligence.,Explore Google Search API ->,"Interact Like a Human
","Click, scroll, wait for dynamic content to appear, or just run some custom JavaScript code. Our JavaScript scenarios simulate real user behavior. Seamlessly.",JavaScript Scraping API ->,Seamless Data Access,"Scrape Amazon to extract data without interruptions. Bypass rate limits and anti-bot measures with advanced anti-bot measures, stealth/premium proxies and cutting-edge headless browser technology. Never miss a data point again.",Data Scraping Tool ->,Get Exactly What You Need,"Skip the messy HTML. With our easy-to-use extraction rules, get perfectly structured JSON with just the data you care about. No coding skills needed - Make integration. Use ScrapingBee with your favorite no code tool.

Connect ScrapingBee with all your workflows.
 Job scheduling  CSV / Google Sheet / Emails / Webhook data delivery  Drag and drop to connect with you favorite apps  1000+ integrations",No Code Scraper ->,{insert_client_reviews},You're in great company,"2,500+ customers all around the globe use ScrapingBee to solve their web scraping needs.",{insert_client_logos},Requests That Work. Data That Scales,"Stop wrestling with complex APIs. Start gathering Data. From your first API call to enterprise-scale operations, everything just works.",Code That Works. First Time,"Pre-configured requests. Real-time validation. Watch your API integration come together in minutes, not days. Everything you need, exactly where you expect it.",Documentation,Your Command Center,"Save your most powerful configurations. Track usage patterns. Deploy with one click. Your customized intelligence - gathering workflows, always ready when you need them.",Web Scraping API,ScrapingBee in numbers,n/a,n/a,n/a,n/a,n/a,n/a,n/a,n/a,n/a,n/a,Top-rated support & documentation,,Fantastic documentation,Take a look at our documentation and get started in minutes!,Code samples,"Whatever the programming language you enjoy, we have written code examples in Java, Python, Go, PHP, Curl and JavaScript.",Knowledge base,Our extensive knowledge base covers the most frequest use cases with code smples.,Exceptional support,,,Check out our documentation to find out more about how to ustilise our API for your scraping needs.,,,,,,,,,,,,,,,,,,,,,,,,,,,Related articles,,,,,,
Example 3,ScrapingBee,Home Depot Scraper API | ScrapingBee,"Access Home Depot's vast product catalog with our powerful web scraping API. Get prices, specifications, and availability across product categories with unmatched reliability.",Home Depot Scraper API,"Access Home Depot's vast product catalog with our powerful web scraping API. Get prices, specifications, and availability across product categories with unmatched reliability.",Gather detailed product data from America's largest home improvement retailer. At scale.,Extract everything from prices to model numbers to reviews with exceptional accuracy.,"Try our Home Depot Scraper to quickly start scraping Home Depot Data. Receive clean, structured JSON.",Scrape Home Depot Data. Endless Possibilities. Perfect for Builders.,Our Home Depot Scraper delivers comprehensive product information when precision and reliability matters most.,Track Price Fluctuations,Monitor Home Depot product prices across categories. Identify patterns. Respond to changes before your competitors even notice.,Monitor Inventory Status,Track product availability across locations. Identify regional stocking patterns. Never miss a restocking opportunity.,Analyze Consumer Feedback,Capture ratings and reviews at scale. Identify product quality trends.,Transparent {platform_name} scraper API pricing,"Cancel anytime, no questions asked!",PRICING TABLE,,,,,,,,,,,,,,,Home Depot API. Built for Speed. Designed for Scraping Simplicity,"From anti-bot bypassing to pixel-perfect screenshots, our Home Depot scraping API handles the complex parts. Our customers focus on what matters - growing their businesses.",AI Powered Web Scraping,"Jettison the Xpath and CSS selectors with our AI-powered Web Scraping feature, which enables you to extract data with a prompt. Adapts to page layout changes with zero effort.",AI Web Scraping ->,Screenshots for Visual Intelligence,Need a screenshot of that website and not HTML? Generate screenshots for visual analysis. Full-page captures. Partial views. Perfect for monitoring design changes.,Screenshot API ->,Search Engine Results,Extract Home Depot data from Google Search at scale with our specialized Google Search API. No rate limits. No complexity. Just pure search intelligence.,Explore Google Search API ->,"Interact Like a Human
","Click, scroll, wait for dynamic content to appear, or just run some custom JavaScript code. Our JavaScript scenarios simulate real user behavior. Seamlessly.",JavaScript Scraping API ->,Seamless Data Access,"Scrape Amazon to extract data without interruptions. Bypass rate limits and anti-bot measures with advanced anti-bot measures, stealth/premium proxies and cutting-edge headless browser technology. Never miss a data point again.",Data Scraping Tool ->,Get Exactly What You Need,"Skip the messy HTML. With our easy-to-use extraction rules, get perfectly structured JSON with just the data you care about. No coding skills needed - Make integration. Use ScrapingBee with your favorite no code tool.

Connect ScrapingBee with all your workflows.
 Job scheduling  CSV / Google Sheet / Emails / Webhook data delivery  Drag and drop to connect with you favorite apps  1000+ integrations",No Code Scraper ->,{insert_client_reviews},You're in great company,"2,500+ customers all around the globe use ScrapingBee to solve their web scraping needs.",{insert_client_logos},Complete Home Depot Product Data Coverage. Unrivaled Precision,"Access every corner of Home Depot's product catalog with ease. From basic searches to specialized product details, you can focus on using the data, not collecting it.",Price Monitoring. Without Compromise,"Track every price change across thousands of products in real-time. Identify seasonal discounts, flash sales, and pricing strategies. Turn Home Depot's pricing data into your market advantage.",Documentation,Complete Product Data. At Scale. Automatic,"Extract complete specifications, model numbers, brand details, and availability status with perfect accuracy. Compare across categories, track inventory changes, and identify emerging product trends.",Web Scraping API,ScrapingBee in numbers,n/a,n/a,n/a,n/a,n/a,n/a,n/a,n/a,n/a,n/a,Top-rated support & documentation,,Fantastic documentation,Take a look at our documentation and get started in minutes!,Code samples,"Whatever the programming language you enjoy, we have written code examples in Java, Python, Go, PHP, Curl and JavaScript.",Knowledge base,Our extensive knowledge base covers the most frequest use cases with code smples.,Exceptional support,,,Check out our documentation to find out more about how to ustilise our API for your scraping needs.,,,,,,,,,,,,,,,,,,,,,,,,,,,Related articles,,,,,,
,,,,,,,,,,,,,,,,,,,,,,,,,,,,,,,,,,,,,,,,,,,,,,,,,,,,,,,,,,,,,,,,,,,,,,,,,,,,,,,,,,,,,,,,,,,,,,,,,,,,,,,,,,,,,,,,,,,,,,,,,
Page 1,Google maps scraper,Google Maps Scraper - Easy Use & Free Credits Signup,Extract structured data from Google Maps effortlessly with our scraper. Automate data collection and access real-time information with a single API call.,Google Maps Scraper API,"Extract Google Maps data effortlessly with our robust API. Access real-time location details, business info, and user reviews. Streamline your development process and enhance your applications with precise data, all in one seamless API call.",Save hours on data integration,Automate tedious data tasks,Boost app efficiency instantly,Google Maps Data Extraction. Unleash Potential. Ideal for Innovators,Unlock new opportunities with Google Maps data. Perfect for trailblazers ready to explore its full potential. Dive into these three transformative use cases.,Gather contact details,"Effortlessly gather contact details for lead generation, enhancing your business outreach and strategic connections.",Analyze location trends,Analyze competitor locations to refine your market strategy and identify potential areas for expansion or improvement.,Identify popular landmarks,Identify popular landmarks to optimize location-based marketing strategies and enhance brand visibility.,Transparent Google Maps scraper API pricing.,"Cancel anytime, no questions asked!",PRICING TABLE,Need more credits and concurrency per month?,Get in touch!,Not sure what plan you need? Try ScrapingBee with 1000 free API calls.,(No credit card required),How ScrapingBee works,Wondering how our customers use our Google Maps API?,STEP 1,"Create an account at ScrapingBee - your dashboard will provide an API key and 1,000 free credits to test the service",STEP 2,Quickly add our official Python library to your project. This makes it easy to send scraping requests without worrying about proxies or browsers.,STEP 3,"Use your API key to fetch any web page. We do all the heavy lifting in the background, returning clean, ready-to-use HTML for you to parse and analyze.",STEP 4,Use our advanced features to tackle even the most complex sites. Our flexible options give you complete control over your scraping projects.,Google Maps Scraper API - Built for Speed Designed for Seamless Data Extraction,"Effortlessly extract comprehensive data with unmatched speed. Access precise location insights, business details, and user feedback in a single, streamlined request.",Smart map extraction,"Effortlessly extract structured data from Google Maps, simplifying complex scraping tasks with AI precision and efficiency.",AI Web Scraping ->,Map scraper screenshot,"Effortlessly capture map visuals with Screenshot API, enhancing data extraction by providing clear, contextual imagery.",Screenshot API ->,Extract Google search insights,Extract Google Maps data at scale with our specialized API. No rate limits. No complexity. Just pure search intelligence.,Explore Google Search API ->,Scrape like a pro,"Harness the power of JavaScript to mimic real user interactions, ensuring seamless data extraction from dynamic content with precision and ease.",JavaScript Scraping API ->,Effortless data extraction,"Effortlessly extract data with precision and speed. Bypass restrictions using advanced proxies and headless tech, ensuring seamless access to vital insights.",Data Scraping Tool ->,Effortlessly extract with no code,"Unlock seamless data extraction with intuitive, code-free tools. Transform complex data into structured JSON effortlessly, integrating smoothly with your favorite apps.",No Code Scraper ->,{insert_client_reviews},You're in great company,"2,500+ customers all around the globe use ScrapingBee to solve their web scraping needs.",{insert_client_logos},Masterful Scraping for Google Maps Excellence,"Unlock unique insights with our tool, extracting niche data points from Google Maps effortlessly.",Effortless Mastery Through Clarity,"Experience seamless integration with intuitive tools and crystal-clear documentation. Empower developers to innovate effortlessly, making complex tasks simple and essential for business success.",Documentation,Unleash ScrapingBee's API Power,"Harness the unmatched power of ScrapingBee's API to effortlessly extract and analyze Google Maps data. Transform raw location data into actionable insights, driving smarter business decisions.",Web Scraping API,ScrapingBee in numbers,,,,Google Maps,,,,,,,Top-rated support & documentation,Google Maps,Fantastic documentation,Take a look at our documentation and get started in minutes!,Code samples,"Whatever the programming language you enjoy, we have written code examples in Java, Python, Go, PHP, Curl and JavaScript.",Knowledge base,Our extensive knowledge base covers the most frequest use cases with code smples.,Exceptional support,Google Maps data,Unlock web scraping potential,Check out our documentation to find out more about how to ustilise our API for your scraping needs.,AI data extraction,JS rendering,Stealth proxy,Screenshots,Custom cookies,Download images,Explore More Scrapers,Amazon API,Google Shopping API,Google Jobs API,Walmart API,Costco API,Google News API,Google Maps Scraper: Your Questions Answered,,,,,,,,,,,,,,,,,,,
Page 2,eBay scraper,eBay Scraper Tool - Free Credits on Signup,"Extract eBay data effortlessly with our eBay scraper. Access real-time pricing, product details, and more with a single API call. Automate your data collection.",eBay Scraper API,"Extract eBay data effortlessly with our eBay scraper API. Access real-time pricing, product details, and seller info. Streamline your workflow and gain insights with a single API call. Perfect for developer teams seeking efficiency and precision. Start scraping eBay today.",Save hours on data extraction,Automate tedious data tasks,Boost productivity instantly,eBay Data Extraction. Unlock Opportunities. Essential for Pioneers,Harness eBay data to fuel innovation. Ideal for trailblazers eager to explore its full potential. Discover three game-changing applications.,Extract product details,"Extract product details for competitor analysis, enabling strategic insights and informed business decisions.",Monitor price changes,Monitor price changes to optimize pricing strategies and enhance market competitiveness.,Analyze seller ratings,Analyze seller ratings to assess market reputation and identify potential partnership opportunities.,Transparent eBay scraper API pricing.,"Cancel anytime, no questions asked!",PRICING TABLE,Need more credits and concurrency per month?,Get in touch!,Not sure what plan you need? Try ScrapingBee with 1000 free API calls.,(No credit card required),How ScrapingBee works,Wondering how our customers use our eBay API?,STEP 1,"Create an account at ScrapingBee - your dashboard will provide an API key and 1,000 free credits to test the service",STEP 2,Quickly add our official Python library to your project. This makes it easy to send scraping requests without worrying about proxies or browsers.,STEP 3,"Use your API key to fetch any web page. We do all the heavy lifting in the background, returning clean, ready-to-use HTML for you to parse and analyze.",STEP 4,Use our advanced features to tackle even the most complex sites. Our flexible options give you complete control over your scraping projects.,eBay Scraper API - Built for Speed Designed for Effortless Data Collection,"Effortlessly gather eBay data with unparalleled speed. Access real-time product insights, pricing trends, and seller analytics in one seamless API call.",AI-powered eBay scraper,"Seamlessly gather eBay data with AI precision, simplifying complex scraping tasks for efficient, structured insights.",AI Web Scraping ->,Ebay scraper screenshot,"Capture eBay page visuals with Screenshot API, providing developers with precise, contextual data for enhanced analysis.",Screenshot API ->,Extract Google search data,Extract eBay data from Google Search at scale with our specialized API. No rate limits. No complexity. Just pure search intelligence.,Explore Google Search API ->,Extract data with ease,"Effortlessly simulate user actions with JavaScript scenarios, enabling precise data extraction from dynamic content on the platform.",JavaScript Scraping API ->,Unlock data effortlessly,"Effortlessly access platform data with advanced stealth proxies and headless tech, ensuring seamless extraction of critical insights without interruptions.",Data Scraping Tool ->,"Effortless eBay scraping, no code","Effortlessly transform complex eBay data into structured JSON with intuitive, code-free tools. Seamlessly integrate and automate workflows with over 1000 app connections.",No Code Scraper ->,{insert_client_reviews},You're in great company,"2,500+ customers all around the globe use ScrapingBee to solve their web scraping needs.",{insert_client_logos},Revolutionary eBay Scraper: Unmatched Efficiency,"Unlock unparalleled insights with our eBay scraper, extracting unique data points effortlessly.","Seamless Simplicity, Unmatched Clarity","Effortlessly integrate with intuitive tools and clear docs. Simplify complex tasks, empowering developers to innovate and drive essential business success.",Documentation,Harness ScrapingBee's API Might,"Unleash ScrapingBee's API to revolutionize eBay data extraction. Effortlessly track prices, inventory, and trends, empowering developers to drive smarter business strategies.",Web Scraping API,ScrapingBee in numbers,,,,eBay,,,,,,,Top-rated support & documentation,eBay,Fantastic documentation,Take a look at our documentation and get started in minutes!,Code samples,"Whatever the programming language you enjoy, we have written code examples in Java, Python, Go, PHP, Curl and JavaScript.",Knowledge base,Our extensive knowledge base covers the most frequest use cases with code smples.,Exceptional support,eBay,Explore web scraping insights,Check out our documentation to find out more about how to ustilise our API for your scraping needs.,AI data extraction,JS rendering,Stealth proxy,Screenshots,Custom cookies,Download images,Discover More APIs,Amazon API,Google Shopping API,Google Jobs API,Walmart API,Costco API,Google News API,eBay Scraper: FAQs,,,,,,,,,,,,,,,,,,,
Page 3,Google hotel scraper,"Google Hotels Scraper - Simple Tool, Free Signup Credits","Scrape Google Hotels data effortlessly with our API. Access real-time pricing, availability, and reviews. Automate your data collection with ease.",Google Hotels Scraper API,"Scrape Google hotel data effortlessly. Access real-time pricing, availability, and reviews with a single API call. Empower your team with precise insights and stay ahead in the market.",Streamline coding tasks,Boost coding efficiency,Save hours on manual data collection,Google Hotel Scraper. Unleash Potential. Ideal for Innovators,Unlock new horizons with Google Hotel Scraper. Perfect for pioneers ready to explore its transformative uses. Dive into three powerful applications.,Gather hotel ratings,"Extract hotel ratings for data-driven insights, enabling strategic business positioning and competitive analysis.",Fetch room availability,Fetch room availability for dynamic pricing strategies and inventory management.,Capture hotel amenities,Capture hotel amenities for enhanced service offerings and tailored marketing strategies.,Transparent Google hotel scraper API pricing.,"Cancel anytime, no questions asked!",PRICING TABLE,Need more credits and concurrency per month?,Get in touch!,Not sure what plan you need? Try ScrapingBee with 1000 free API calls.,(No credit card required),How ScrapingBee works,Wondering how our customers use our Google Hotels API?,STEP 1,"Create an account at ScrapingBee - your dashboard will provide an API key and 1,000 free credits to test the service",STEP 2,Quickly add our official Python library to your project. This makes it easy to send scraping requests without worrying about proxies or browsers.,STEP 3,"Use your API key to fetch any web page. We do all the heavy lifting in the background, returning clean, ready-to-use HTML for you to parse and analyze.",STEP 4,Use our advanced features to tackle even the most complex sites. Our flexible options give you complete control over your scraping projects.,Google Hotel Scraper API - Built for Speed Designed for Seamless Data Extraction,"Effortlessly extract hotel data with unmatched speed. Access comprehensive insights on room features, guest reviews, and booking trends in one streamlined API call.",hotel data extractor,"Effortlessly extract structured hotel data with AI, simplifying complex scraping tasks for strategic insights.",AI Web Scraping ->,Hotel scraper feature,Effortlessly capture Google hotel visuals with Screenshot API for precise data extraction and strategic analysis.,Screenshot API ->,Extract Google search insights,Extract Google hotel data at scale with our specialized API. No rate limits. No complexity. Just pure search intelligence.,Explore Google Search API ->,Scrape hotel data smartly,"Leverage JavaScript scenarios to mimic user interactions, ensuring accurate data extraction from dynamic hotel content on the platform.",JavaScript Scraping API ->,Effortless hotel data scraping,"Seamlessly extract platform data with precision using advanced stealth proxies and headless tech, ensuring uninterrupted access to vital insights.",Data Scraping Tool ->,"Effortless hotel data, no code","Unlock seamless hotel data extraction with intuitive, code-free tools. Transform complex data into structured JSON effortlessly, integrating with over 1000 apps.",No Code Scraper ->,{insert_client_reviews},You're in great company,"2,500+ customers all around the globe use ScrapingBee to solve their web scraping needs.",{insert_client_logos},Google Hotel Scraper: Unparalleled Precision and Power,Unlock unique data points effortlessly with our Google Hotel Scraper. Extract detailed insights with precision and ease.,"Effortless Setup, Detailed Guidance","Seamlessly integrate with user-friendly tools and crystal-clear documentation. Simplify complex processes, empowering developers to innovate and drive business success.",Documentation,Unleash ScrapingBee's Full Power,"Unlock the full potential of ScrapingBee's API for hotel data. Effortlessly track prices, compare amenities, and monitor availability, empowering developers to drive smarter business strategies.",Web Scraping API,ScrapingBee in numbers,,,,Google Hotel,,,,,,,Top-rated support & documentation,Google Hotels,Fantastic documentation,Take a look at our documentation and get started in minutes!,Code samples,"Whatever the programming language you enjoy, we have written code examples in Java, Python, Go, PHP, Curl and JavaScript.",Knowledge base,Our extensive knowledge base covers the most frequest use cases with code smples.,Exceptional support,Google Hotel data,Unlock web scraping potential,Check out our documentation to find out more about how to ustilise our API for your scraping needs.,AI data extraction,JS rendering,Stealth proxy,Screenshots,Custom cookies,Download images,Expand Your Scraping Toolkit,Amazon API,Google Shopping API,Google Jobs API,Walmart API,Costco API,Google News API,Google Hotel Scraper: Questions Clarified,,,,,,,,,,,,,,,,,,,
Page 4,Google scholar scraper,Google Scholar Scraper - Free Signup Credits & Easy Use,"Effortlessly extract data from Google Scholar with our scraper. Automate research, gather citations, and access structured information with ease.",Google Scholar Scraper API,"Effortlessly scrape Google Scholar data with our robust API. Access citations, authors, and publication details in real-time. Streamline your research process and gain insights with precision. Perfect for developer teams seeking efficient data extraction.",Save time with instant data access,Boost productivity with seamless integration,"Automate tasks, focus on coding",Google Scholar Scraper. Unlock Insights. Essential for Pioneers,Discover new dimensions with Google Scholar Scraper. Ideal for trailblazers eager to harness its potential. Explore three key applications now.,Extract citation data,"Extract citation data to analyze academic influence, track research trends, and enhance bibliometric studies for strategic insights.",Gather author affiliations,"Gather author affiliations to map academic networks, identify collaboration opportunities, and enhance strategic partnerships.",Compile publication dates,"Compile publication dates to track research timelines, identify emerging trends, and optimize strategic planning for data-driven decisions.",Transparent Google Scholar scraper API pricing.,"Cancel anytime, no questions asked!",PRICING TABLE,Need more credits and concurrency per month?,Get in touch!,Not sure what plan you need? Try ScrapingBee with 1000 free API calls.,(No credit card required),How ScrapingBee works,Wondering how our customers use our Google Scholar API?,STEP 1,"Create an account at ScrapingBee - your dashboard will provide an API key and 1,000 free credits to test the service",STEP 2,Quickly add our official Python library to your project. This makes it easy to send scraping requests without worrying about proxies or browsers.,STEP 3,"Use your API key to fetch any web page. We do all the heavy lifting in the background, returning clean, ready-to-use HTML for you to parse and analyze.",STEP 4,Use our advanced features to tackle even the most complex sites. Our flexible options give you complete control over your scraping projects.,Google Scholar Scraper API - Built for Speed Designed for Effortless Data Collection,"Swiftly gather academic data with precision. Access detailed insights on citations, authors, and publications in one efficient API call. Optimize your research workflow.",Smart scholar scraper,"Efficiently extract structured data with AI, simplifying complex Google Scholar scraping for strategic business insights.",AI Web Scraping ->,Google scholar scraper,"Capture Google Scholar data seamlessly with Screenshot API, ensuring accurate, real-time extraction for strategic insights.",Screenshot API ->,Extract Google search data,Extract Google Scholar data at scale with our specialized API. No rate limits. No complexity. Just pure search intelligence.,Explore Google Search API ->,Extract data seamlessly,"Effortlessly run custom JavaScript to mimic user actions, ensuring precise data extraction from dynamic content on the platform.",JavaScript Scraping API ->,Unlock scholarly insights effortlessly,"Effortlessly access academic data with advanced stealth proxies and headless tech, ensuring seamless extraction of vital insights without interruptions.",Data Scraping Tool ->,"Extract data effortlessly, no code","Effortlessly transform complex data into structured JSON with intuitive, code-free tools. Seamlessly integrate with over 1000 apps for streamlined workflows.",No Code Scraper ->,{insert_client_reviews},You're in great company,"2,500+ customers all around the globe use ScrapingBee to solve their web scraping needs.",{insert_client_logos},Google Scholar Scraper: Unmatched Efficiency and Innovation,Effortlessly extract unique data points from Google Scholar with precision. Unlock unparalleled insights and streamline your workflow.,"User-Friendly Interface, Comprehensive Guides","Effortlessly integrate with intuitive tools and clear guides. Simplify workflows, enabling developers to innovate and propel business growth with ease.",Documentation,Harness ScrapingBee's API Might,"Unleash ScrapingBee's API power for Google Scholar. Effortlessly gather citation insights, author details, and publication trends. Essential for developers driving data-driven decisions.",Web Scraping API,ScrapingBee in numbers,,,,Google Scholar,,,,,,,Top-rated support & documentation,Google Scholar,Fantastic documentation,Take a look at our documentation and get started in minutes!,Code samples,"Whatever the programming language you enjoy, we have written code examples in Java, Python, Go, PHP, Curl and JavaScript.",Knowledge base,Our extensive knowledge base covers the most frequest use cases with code smples.,Exceptional support,Google Scholar,Explore web scraping insights,Check out our documentation to find out more about how to ustilise our API for your scraping needs.,AI data extraction,JS rendering,Stealth proxy,Screenshots,Custom cookies,Download images,Unlock More Scraping Power,Amazon API,Google Shopping API,Google Jobs API,Walmart API,Costco API,Google News API,Google Scholar Scraper: FAQs,,,,,,,,,,,,,,,,,,,
Page 5,Google finance scraper,"Google Finance Scraper - Free Signup Credits, Simple Use",Effortlessly extract Google Finance data with our scraper. Access real-time financial information and automate data collection with a single API call.,Google Finance Scraper API,"Extract Google Finance data effortlessly with our API. Access real-time stock prices, financial news, and market trends. Streamline your workflow and make informed decisions with precise data at your fingertips. Start optimizing your financial insights today.",Save coding time,Automate data tasks instantly,Boost productivity with zero hassle,Google Finance Scraper. Unleash Potential. Ideal for Innovators,Unlock new insights with Google Finance. Perfect for pioneers ready to explore its power. Dive into three essential use cases today.,Fetch stock prices,"Fetch real-time stock prices for data-driven decision-making and market trend analysis, enhancing strategic business positioning.",Gather financial news,"Extract financial news for competitor analysis, gaining insights into market movements and strategic shifts to stay ahead in the industry.",Analyze market trends,"Identify emerging market trends for proactive business strategies, leveraging structured data to anticipate shifts and capitalize on new opportunities.",Transparent Google Finance scraper API pricing.,"Cancel anytime, no questions asked!",PRICING TABLE,Need more credits and concurrency per month?,Get in touch!,Not sure what plan you need? Try ScrapingBee with 1000 free API calls.,(No credit card required),How ScrapingBee works,Wondering how our customers use our Google Finance API?,STEP 1,"Create an account at ScrapingBee - your dashboard will provide an API key and 1,000 free credits to test the service",STEP 2,Quickly add our official Python library to your project. This makes it easy to send scraping requests without worrying about proxies or browsers.,STEP 3,"Use your API key to fetch any web page. We do all the heavy lifting in the background, returning clean, ready-to-use HTML for you to parse and analyze.",STEP 4,Use our advanced features to tackle even the most complex sites. Our flexible options give you complete control over your scraping projects.,Google Finance Scraper API - Built for Speed Designed for Seamless Data Extraction,"Effortlessly extract Google Finance data with precision. Access real-time insights on stocks, news, and trends in one swift API call. Enhance your strategic edge.",Finance data extractor,"Effortlessly extract structured data from Google Finance using AI, simplifying complex scraping tasks for strategic insights.",AI Web Scraping ->,Finance data scraper,"Effortlessly capture Google Finance data with Screenshot API, ensuring precise, real-time extraction for strategic advantage.",Screenshot API ->,Extract Google search insights,Extract Google Finance data at scale with our specialized Google Search API. No rate limits. No complexity. Just pure search intelligence.,Explore Google Search API ->,Scrape data intelligently,"Effortlessly simulate user interactions with custom JavaScript, ensuring accurate data extraction from dynamic content on the platform.",JavaScript Scraping API ->,Effortless finance data extraction,"Seamlessly extract financial data with advanced stealth proxies and headless tech, ensuring uninterrupted access to critical insights for strategic advantage.",Data Scraping Tool ->,Streamline data with no code,"Transform complex data into structured JSON effortlessly with intuitive, code-free tools. Seamlessly integrate with over 1000 apps for streamlined workflows.",No Code Scraper ->,{insert_client_reviews},You're in great company,"2,500+ customers all around the globe use ScrapingBee to solve their web scraping needs.",{insert_client_logos},Google Finance Scraper: Unmatched Precision and Power,Effortlessly extract unique financial metrics and historical data with precision. Unlock insights and streamline your workflow.,"Effortless Setup, Detailed Guidance","Seamlessly integrate with user-friendly tools and crystal-clear guides. Simplify processes, empowering developers to innovate and drive business success effortlessly.",Documentation,Unleash ScrapingBee's API Power,"Harness the might of ScrapingBee's API to effortlessly extract financial data. Track stock trends, compare market shifts, and gain insights with precision. Essential for developers seeking a competitive edge.",Web Scraping API,ScrapingBee in numbers,,,,Google Finance,,,,,,,Top-rated support & documentation,Google Finance.,Fantastic documentation,Take a look at our documentation and get started in minutes!,Code samples,"Whatever the programming language you enjoy, we have written code examples in Java, Python, Go, PHP, Curl and JavaScript.",Knowledge base,Our extensive knowledge base covers the most frequest use cases with code smples.,Exceptional support,Google Finance data,Unlock web scraping potential,Check out our documentation to find out more about how to ustilise our API for your scraping needs.,AI data extraction,JS rendering,Stealth proxy,Screenshots,Custom cookies,Download images,Enhance Your Scraping Arsenal,Amazon API,Google Shopping API,Google Jobs API,Walmart API,Costco API,Google News API,Google Finance Scraper: Your Questions Answered,,,,,,,,,,,,,,,,,,,
Page 6,Google flights scraper,"Google Flights Scraper - Free Signup Credits, Simple Use","Scrape Google Flights data effortlessly with our API. Access real-time flight information, pricing, and availability. Automate your data collection seamlessly.",Google Flights Scraper API,"Scrape Google Flights data effortlessly. Access real-time flight prices, schedules, and availability with a single API call. Empower your team with precise data for better decision-making and competitive insights. Start transforming your travel data strategy today.",Streamline coding with instant flight data,Code faster with live flight updates,Boost productivity with seamless integration,Google Flights Scraper. Unlock Opportunities. Essential for Pioneers,Discover new horizons with Google Flights Scraper. Ideal for trailblazers eager to harness its potential. Explore three key applications now.,Fetch flight prices,"Fetch flight prices for dynamic pricing strategies, enabling real-time adjustments and competitive edge in the travel industry.",Monitor flight availability,Monitor flight availability trends to optimize route planning and enhance operational efficiency in the airline industry.,Analyze flight trends,"Identify emerging travel patterns to inform market expansion and tailor offerings, boosting growth and competitive advantage.",Transparent Google Flights scraper API pricing.,"Cancel anytime, no questions asked!",PRICING TABLE,Need more credits and concurrency per month?,Get in touch!,Not sure what plan you need? Try ScrapingBee with 1000 free API calls.,(No credit card required),How ScrapingBee works,Wondering how our customers use our Google Flights API?,STEP 1,"Create an account at ScrapingBee - your dashboard will provide an API key and 1,000 free credits to test the service",STEP 2,Quickly add our official Python library to your project. This makes it easy to send scraping requests without worrying about proxies or browsers.,STEP 3,"Use your API key to fetch any web page. We do all the heavy lifting in the background, returning clean, ready-to-use HTML for you to parse and analyze.",STEP 4,Use our advanced features to tackle even the most complex sites. Our flexible options give you complete control over your scraping projects.,Google Flights Scraper API - Built for Speed Designed for Effortless Data Collection,Effortlessly gather Google Flights data with precision. Access up-to-date flight details in one swift API call. Elevate your data strategy with seamless integration.,Smart flight scraper,"Efficiently harness AI to extract Google Flights data, simplifying complex scraping tasks for strategic business insights.",AI Web Scraping ->,Flight data capture,"Capture precise Google Flights data with Screenshot API, enabling seamless, real-time extraction for strategic insights.",Screenshot API ->,Extract Google search data,Extract Google Flights data at scale with our specialized Google Search API. No rate limits. No complexity. Just pure search intelligence.,Explore Google Search API ->,Extract flight data seamlessly,"Effortlessly extract dynamic flight data using custom JavaScript scenarios, simulating real user actions for precise and reliable results.",JavaScript Scraping API ->,Unlock flight data effortlessly,Effortlessly access dynamic flight data with advanced scraping technology. Bypass restrictions using stealth proxies and headless browsers for uninterrupted insights.,Data Scraping Tool ->,Effortless scraping with no code,"Transform data extraction into a breeze with intuitive, code-free tools. Get structured JSON effortlessly and integrate seamlessly with over 1000 apps.",No Code Scraper ->,{insert_client_reviews},You're in great company,"2,500+ customers all around the globe use ScrapingBee to solve their web scraping needs.",{insert_client_logos},Google Flights Scraper: Unmatched Scraping Excellence,Effortlessly extract unique flight data points with precision. Unlock insights and streamline your workflow.,"Simple Setup, Comprehensive Insights","Effortlessly integrate with intuitive tools and clear guides. Simplify workflows, empowering developers to innovate and drive business success with ease.",Documentation,Harness ScrapingBee's API Precision,"Unlock the power of ScrapingBee's API for precise flight data extraction. Effortlessly track price changes, compare routes, and spot trends. Essential for developers aiming for excellence.",Web Scraping API,ScrapingBee in numbers,,,,Google Flights,,,,,,,Top-rated support & documentation,Google Flights,Fantastic documentation,Take a look at our documentation and get started in minutes!,Code samples,"Whatever the programming language you enjoy, we have written code examples in Java, Python, Go, PHP, Curl and JavaScript.",Knowledge base,Our extensive knowledge base covers the most frequest use cases with code smples.,Exceptional support,Google Flights,Explore web scraping insights,Check out our documentation to find out more about how to ustilise our API for your scraping needs.,AI data extraction,JS rendering,Stealth proxy,Screenshots,Custom cookies,Download images,Explore More Scraping Tools,Amazon API,Google Shopping API,Google Jobs API,Walmart API,Costco API,Google News API,Google Flights Scraper: FAQs,,,,,,,,,,,,,,,,,,,
Page 7,Google image scraper,"Google Image Scraper - Free Credits, Simple Signup",Scrape Google Images effortlessly with our Google image scraper. Access structured data and automate your projects with a simple API call.,Google Image Scraper API,"Extract Google image data effortlessly with our API. Access real-time visuals, metadata, and trends. Enhance your projects with precise image insights. One API call, endless possibilities for your development team.",Streamline image data integration,Simplify image data tasks,Save hours on manual image data tasks,Google Image Scraper. Unleash Creativity. Ideal for Innovators,Ignite your imagination with Google Image Scraper. Perfect for pioneers ready to explore its power. Dive into three essential uses today.,Gather product images,"Effortlessly gather product images for data analysis, enhancing market insights and driving strategic business decisions.",Capture event photos,"Capture event photos to analyze trends, optimize marketing strategies, and improve event planning efficiency.",Harvest logo designs,"Extract brand visuals to refine branding strategies, boost market positioning, and enhance competitive differentiation.",Transparent Google image scraper API pricing.,"Cancel anytime, no questions asked!",PRICING TABLE,Need more credits and concurrency per month?,Get in touch!,Not sure what plan you need? Try ScrapingBee with 1000 free API calls.,(No credit card required),How ScrapingBee works,Wondering how our customers use our Google Image API?,STEP 1,"Create an account at ScrapingBee - your dashboard will provide an API key and 1,000 free credits to test the service",STEP 2,Quickly add our official Python library to your project. This makes it easy to send scraping requests without worrying about proxies or browsers.,STEP 3,"Use your API key to fetch any web page. We do all the heavy lifting in the background, returning clean, ready-to-use HTML for you to parse and analyze.",STEP 4,Use our advanced features to tackle even the most complex sites. Our flexible options give you complete control over your scraping projects.,Google Image Scraper API - Built for Speed Designed for Seamless Image Data Extraction,Swiftly extract Google image data with precision. Access comprehensive visuals and metadata in one API call. Enhance your projects with seamless integration.,Image data extractor,"Effortlessly extract Google image data with AI, streamlining complex scraping tasks for strategic development projects.",AI Web Scraping ->,Image scraper integration,"Effortlessly extract Google image data with Screenshot API, ensuring accurate, real-time visuals for strategic development.",Screenshot API ->,Extract Google search insights,Extract Google image data at scale with our specialized API. No rate limits. No complexity. Just pure search intelligence.,Explore Google Search API ->,Scrape images effortlessly,"Effortlessly simulate user actions with custom JavaScript, ensuring precise image data extraction for strategic business insights.",JavaScript Scraping API ->,Effortless image extraction,Seamlessly extract images with precision using advanced scraping technology. Overcome barriers with stealth proxies and headless browsers for uninterrupted data flow.,Data Scraping Tool ->,"Effortless image scraping, no code","Effortlessly transform image data extraction with intuitive, code-free tools. Seamlessly integrate structured JSON into your workflows with over 1000 app connections.",No Code Scraper ->,{insert_client_reviews},You're in great company,"2,500+ customers all around the globe use ScrapingBee to solve their web scraping needs.",{insert_client_logos},Google Image Scraper: Unmatched Precision and Power,Effortlessly extract unique image data points with precision. Unlock insights and streamline your workflow.,"Effortless Setup, Detailed Guidance","Seamlessly integrate with user-friendly tools and crystal-clear documentation. Empower developers to innovate swiftly, ensuring business success with minimal effort.",Documentation,Unleash ScrapingBee's API Power,"Harness the unmatched prowess of ScrapingBee's API for Google image scraping. Effortlessly capture, compare, and analyze visual data, empowering developers to innovate and excel.",Web Scraping API,ScrapingBee in numbers,,,,Instagram,,,,,,,Top-rated support & documentation,Google Images,Fantastic documentation,Take a look at our documentation and get started in minutes!,Code samples,"Whatever the programming language you enjoy, we have written code examples in Java, Python, Go, PHP, Curl and JavaScript.",Knowledge base,Our extensive knowledge base covers the most frequest use cases with code smples.,Exceptional support,Google Images,Unlock web scraping potential,Check out our documentation to find out more about how to ustilise our API for your scraping needs.,AI data extraction,JS rendering,Stealth proxy,Screenshots,Custom cookies,Download images,Discover More Scraping APIs,Amazon API,Google Shopping API,Google Jobs API,Walmart API,Costco API,Google News API,Google Image Scraper: Questions Clarified,,,,,,,,,,,,,,,,,,,
Page 8,Google trends scraper,"Google Trends Scraper - Free Credits, Simple Signup",Scrape Google Trends data effortlessly with our API. Access real-time insights and automate data collection without IP blocks. Transform data into actionable insights.,Google Trends Scraper API,"Extract Google Trends data effortlessly with our API. Gain insights, track trends, and stay ahead in the market. Access real-time data and make informed decisions with ease. Perfect for developer teams seeking a competitive edge. Start leveraging data today.",Save hours on data analysis,Automate trend tracking,Boost project efficiency,Google Trends Scraper. Unlock Insights. Essential for Visionaries,Discover the power of Google Trends. Perfect for innovators ready to harness its potential. Explore three key applications now.,Analyze search trends,"Identify emerging market trends to inform product development and strategic planning, ensuring your business stays ahead of the curve.",Identify trending keywords,Enhance content strategy by identifying trending keywords to boost SEO and drive organic traffic growth.,Gather event dates,Optimize ad campaigns by analyzing trending topics to align with current consumer interests and maximize engagement and ROI.,Transparent Google Trends scraper API pricing.,"Cancel anytime, no questions asked!",PRICING TABLE,Need more credits and concurrency per month?,Get in touch!,Not sure what plan you need? Try ScrapingBee with 1000 free API calls.,(No credit card required),How ScrapingBee works,Wondering how our customers use our Google Trends API?,STEP 1,"Create an account at ScrapingBee - your dashboard will provide an API key and 1,000 free credits to test the service",STEP 2,Quickly add our official Python library to your project. This makes it easy to send scraping requests without worrying about proxies or browsers.,STEP 3,"Use your API key to fetch any web page. We do all the heavy lifting in the background, returning clean, ready-to-use HTML for you to parse and analyze.",STEP 4,Use our advanced features to tackle even the most complex sites. Our flexible options give you complete control over your scraping projects.,Google Trends Scraper API - Built for Speed Designed for Effortless Trend Data Extraction,"Effortlessly capture trend data with unmatched speed. Seamlessly integrate and transform insights into strategic actions, ensuring your projects stay ahead.",Google trends insights,"Efficiently harness AI to extract Google Trends data, simplifying complex scraping tasks for strategic business insights.",AI Web Scraping ->,Google trends scraper,"Capture precise Google Trends visuals instantly with Screenshot API, streamlining data extraction for strategic insights.",Screenshot API ->,Extract Google search data,Extract platform-specific Google search data effortlessly with our API. No limits. No hassle. Just pure search intelligence.,Explore Google Search API ->,Extract trends seamlessly,"Effortlessly capture and analyze platform trends with our JavaScript Scraping API, empowering developers to unlock strategic insights seamlessly.",JavaScript Scraping API ->,Google trends scraper integration,"Effortlessly extract platform data with precision. Overcome barriers using stealth proxies and headless browsers for uninterrupted, strategic insights.",Data Scraping Tool ->,Discover trends with no code,"Effortlessly extract platform trends with intuitive, code-free tools. Transform data into structured JSON, ready for seamless integration with over 1000 apps.",No Code Scraper ->,{insert_client_reviews},You're in great company,"2,500+ customers all around the globe use ScrapingBee to solve their web scraping needs.",{insert_client_logos},Google Trends Scraper: Unmatched Effectiveness and Precision,Effortlessly extract unique data points with precision. Unlock insights and streamline your workflow.,"Seamless Use, Comprehensive Docs","Effortlessly integrate with intuitive tools and clear docs. Empower developers to innovate fast, ensuring business success with ease and precision.",Documentation,Harness ScrapingBee's Precision,"Unlock the power of ScrapingBee's API for Google Trends. Seamlessly extract and analyze trend data, empowering developers to stay ahead in a dynamic market landscape.",Web Scraping API,ScrapingBee in numbers,,,,Google Trends,,,,,,,Top-rated support & documentation,Google Trends,Fantastic documentation,Take a look at our documentation and get started in minutes!,Code samples,"Whatever the programming language you enjoy, we have written code examples in Java, Python, Go, PHP, Curl and JavaScript.",Knowledge base,Our extensive knowledge base covers the most frequest use cases with code smples.,Exceptional support,Google Trends,Explore web scraping insights,Check out our documentation to find out more about how to ustilise our API for your scraping needs.,AI data extraction,JS rendering,Stealth proxy,Screenshots,Custom cookies,Download images,Expand Your Scraping Toolkit,Amazon API,Google Shopping API,Google Jobs API,Walmart API,Costco API,Google News API,Google Trends Scraper: FAQs,,,,,,,,,,,,,,,,,,,